"id","name","journal_id:id","account_asset_id:id","account_depreciation_id:id","account_expense_depreciation_id:id","improvement_journal_id:id","impairment_journal_id:id","impairment_account_id:id","impairment_expense_account_id:id","impairment_reversal_account_id:id","method_time","method_number","method_period","method","method_progress_factor","prorata","date_min_prorate","sequence_id:id","asset_cancel_group_ids:id","asset_cancel_group_ids:id"
"kategori_aset_3","Tanah Gedung Kantor","account_journal_depreciation","account_001","account_001","account_001","account_journal_improvement","account_journal_impairment","account_011","account_012","account_013","year",0,"month","linear",0,"True",31,"sequence_lot_1","group_pat_validator","group_pat_validator"
"kategori_aset_4","Tanah Rumah  Dinas","account_journal_depreciation","account_001","account_001","account_001","account_journal_improvement","account_journal_impairment","account_011","account_012","account_013","year",0,"month","linear",0,"True",31,"sequence_lot_1","group_pat_validator","group_pat_validator"
"kategori_aset_5","Tanah Bangunan Lain","account_journal_depreciation","account_001","account_001","account_001","account_journal_improvement","account_journal_impairment","account_011","account_012","account_013","year",0,"month","linear",0,"True",31,"sequence_lot_1","group_pat_validator","group_pat_validator"
"kategori_aset_6","Tanah Kosong ","account_journal_depreciation","account_001","account_001","account_001","account_journal_improvement","account_journal_impairment","account_011","account_012","account_013","year",0,"month","linear",0,"True",31,"sequence_lot_1","group_pat_validator","group_pat_validator"
"kategori_aset_8","Biaya Adm. Gedung ","account_journal_depreciation","account_001","account_001","account_001","account_journal_improvement","account_journal_impairment","account_011","account_012","account_013","year",0,"month","linear",0,"True",31,"sequence_lot_2","group_pat_validator","group_pat_validator"
"kategori_aset_9","Biaya Notaris","account_journal_depreciation","account_001","account_001","account_001","account_journal_improvement","account_journal_impairment","account_011","account_012","account_013","year",0,"month","linear",0,"True",31,"sequence_lot_2","group_pat_validator","group_pat_validator"
"kategori_aset_10","Biaya Pengurusan Hak","account_journal_depreciation","account_001","account_001","account_001","account_journal_improvement","account_journal_impairment","account_011","account_012","account_013","year",0,"month","linear",0,"True",31,"sequence_lot_2","group_pat_validator","group_pat_validator"
"kategori_aset_11","Honor Penaksir Tanah","account_journal_depreciation","account_001","account_001","account_001","account_journal_improvement","account_journal_impairment","account_011","account_012","account_013","year",0,"month","linear",0,"True",31,"sequence_lot_2","group_pat_validator","group_pat_validator"
"kategori_aset_12","Pelepasan Hak Tanah","account_journal_depreciation","account_001","account_001","account_001","account_journal_improvement","account_journal_impairment","account_011","account_012","account_013","year",0,"month","linear",0,"True",31,"sequence_lot_2","group_pat_validator","group_pat_validator"
"kategori_aset_13","Kekurangan Harga Tanah","account_journal_depreciation","account_001","account_001","account_001","account_journal_improvement","account_journal_impairment","account_011","account_012","account_013","year",0,"month","linear",0,"True",31,"sequence_lot_2","group_pat_validator","group_pat_validator"
"kategori_aset_16","Bangunan Kantor Permanen","account_journal_depreciation","account_002","account_002","account_004","account_journal_improvement","account_journal_impairment","account_011","account_012","account_013","year",20,"month","linear",0,"True",31,"sequence_lot_3","group_pat_validator","group_pat_validator"
"kategori_aset_17","Bangunan Rumah Dinas Permanen","account_journal_depreciation","account_002","account_002","account_004","account_journal_improvement","account_journal_impairment","account_011","account_012","account_013","year",20,"month","linear",0,"True",31,"sequence_lot_3","group_pat_validator","group_pat_validator"
"kategori_aset_18","Bangunan Permanen Lainnya","account_journal_depreciation","account_002","account_002","account_004","account_journal_improvement","account_journal_impairment","account_011","account_012","account_013","year",20,"month","linear",0,"True",31,"sequence_lot_3","group_pat_validator","group_pat_validator"
"kategori_aset_20","Bangunan Kantor Tidak Permanen","account_journal_depreciation","account_002","account_002","account_004","account_journal_improvement","account_journal_impairment","account_011","account_012","account_013","year",10,"month","linear",0,"True",31,"sequence_lot_4","group_pat_validator","group_pat_validator"
"kategori_aset_21","Bangunan Rumah Dinas Tidak Permanen","account_journal_depreciation","account_002","account_002","account_004","account_journal_improvement","account_journal_impairment","account_011","account_012","account_013","year",10,"month","linear",0,"True",31,"sequence_lot_4","group_pat_validator","group_pat_validator"
"kategori_aset_22","Bangunan Tidak Permanen Lainnya","account_journal_depreciation","account_002","account_002","account_004","account_journal_improvement","account_journal_impairment","account_011","account_012","account_013","year",10,"month","linear",0,"True",31,"sequence_lot_4","group_pat_validator","group_pat_validator"
"kategori_aset_25","Sepeda","account_journal_depreciation","account_005","account_006","account_007","account_journal_improvement","account_journal_impairment","account_011","account_012","account_013","year",4,"month","degressive",0.5,"True",31,"sequence_lot_5","group_pat_validator","group_pat_validator"
"kategori_aset_26","Sepeda Motor","account_journal_depreciation","account_005","account_006","account_007","account_journal_improvement","account_journal_impairment","account_011","account_012","account_013","year",4,"month","degressive",0.5,"True",31,"sequence_lot_5","group_pat_validator","group_pat_validator"
"kategori_aset_28"," Mobil Sedan","account_journal_depreciation","account_005","account_006","account_007","account_journal_improvement","account_journal_impairment","account_011","account_012","account_013","year",8,"month","degressive",0.25,"True",31,"sequence_lot_6","group_pat_validator","group_pat_validator"
"kategori_aset_29"," Mobil Minibus  ","account_journal_depreciation","account_005","account_006","account_007","account_journal_improvement","account_journal_impairment","account_011","account_012","account_013","year",8,"month","degressive",0.25,"True",31,"sequence_lot_6","group_pat_validator","group_pat_validator"
"kategori_aset_30"," Mobil Box ","account_journal_depreciation","account_005","account_006","account_007","account_journal_improvement","account_journal_impairment","account_011","account_012","account_013","year",8,"month","degressive",0.25,"True",31,"sequence_lot_6","group_pat_validator","group_pat_validator"
"kategori_aset_33","Meja dari Kayu","account_journal_depreciation","account_008","account_009","account_010","account_journal_improvement","account_journal_impairment","account_011","account_012","account_013","year",4,"month","degressive",0.5,"True",31,"sequence_lot_7","group_pat_validator","group_pat_validator"
"kategori_aset_34","Bangku/ Kursi/ Sofa dari Kayu","account_journal_depreciation","account_008","account_009","account_010","account_journal_improvement","account_journal_impairment","account_011","account_012","account_013","year",4,"month","degressive",0.5,"True",31,"sequence_lot_7","group_pat_validator","group_pat_validator"
"kategori_aset_35","Lemari/ Rak/ Locker/ Credenza/ Bufet dari Kayu","account_journal_depreciation","account_008","account_009","account_010","account_journal_improvement","account_journal_impairment","account_011","account_012","account_013","year",4,"month","degressive",0.5,"True",31,"sequence_lot_7","group_pat_validator","group_pat_validator"
"kategori_aset_36","Pot/ Rak Bunga dari Kayu","account_journal_depreciation","account_008","account_009","account_010","account_journal_improvement","account_journal_impairment","account_011","account_012","account_013","year",4,"month","degressive",0.5,"True",31,"sequence_lot_7","group_pat_validator","group_pat_validator"
"kategori_aset_37","Paket Mobiler Standarisasi dari Kayu","account_journal_depreciation","account_008","account_009","account_010","account_journal_improvement","account_journal_impairment","account_011","account_012","account_013","year",4,"month","degressive",0.5,"True",31,"sequence_lot_7","group_pat_validator","group_pat_validator"
"kategori_aset_38","Paket Prabot &amp; Perlengkapan Interior dari Kayu","account_journal_depreciation","account_008","account_009","account_010","account_journal_improvement","account_journal_impairment","account_011","account_012","account_013","year",4,"month","degressive",0.5,"True",31,"sequence_lot_7","group_pat_validator","group_pat_validator"
"kategori_aset_40","Meja dari Logam","account_journal_depreciation","account_008","account_009","account_010","account_journal_improvement","account_journal_impairment","account_011","account_012","account_013","year",4,"month","degressive",0.5,"True",31,"sequence_lot_8","group_pat_validator","group_pat_validator"
"kategori_aset_41","Bangku/ Kursi/ Sofa dari Logam","account_journal_depreciation","account_008","account_009","account_010","account_journal_improvement","account_journal_impairment","account_011","account_012","account_013","year",4,"month","degressive",0.5,"True",31,"sequence_lot_8","group_pat_validator","group_pat_validator"
"kategori_aset_42","Lemari/ Rak/ Locker/ Credenza/ Bufet dari Logam","account_journal_depreciation","account_008","account_009","account_010","account_journal_improvement","account_journal_impairment","account_011","account_012","account_013","year",4,"month","degressive",0.5,"True",31,"sequence_lot_8","group_pat_validator","group_pat_validator"
"kategori_aset_43","Pot/ Rak Bunga dari Logam","account_journal_depreciation","account_008","account_009","account_010","account_journal_improvement","account_journal_impairment","account_011","account_012","account_013","year",4,"month","degressive",0.5,"True",31,"sequence_lot_8","group_pat_validator","group_pat_validator"
"kategori_aset_44","Paket Mobiler Standarisasi dari logam","account_journal_depreciation","account_008","account_009","account_010","account_journal_improvement","account_journal_impairment","account_011","account_012","account_013","year",4,"month","degressive",0.5,"True",31,"sequence_lot_8","group_pat_validator","group_pat_validator"
"kategori_aset_45","Paket Prabot &amp; Perlengkapan Interior dari logam","account_journal_depreciation","account_008","account_009","account_010","account_journal_improvement","account_journal_impairment","account_011","account_012","account_013","year",4,"month","degressive",0.5,"True",31,"sequence_lot_8","group_pat_validator","group_pat_validator"
"kategori_aset_46","Pemasangan Rangka Besi (termasuk : Baliho, Spanduk, Umbul-Umbul)","account_journal_depreciation","account_008","account_009","account_010","account_journal_improvement","account_journal_impairment","account_011","account_012","account_013","year",4,"month","degressive",0.5,"True",31,"sequence_lot_8","group_pat_validator","group_pat_validator"
"kategori_aset_47","Casing atau Box ATM","account_journal_depreciation","account_008","account_009","account_010","account_journal_improvement","account_journal_impairment","account_011","account_012","account_013","year",4,"month","degressive",0.5,"True",31,"sequence_lot_8","group_pat_validator","group_pat_validator"
"kategori_aset_49","Mesin Tik","account_journal_depreciation","account_008","account_009","account_010","account_journal_improvement","account_journal_impairment","account_011","account_012","account_013","year",4,"month","degressive",0.5,"True",31,"sequence_lot_9","group_pat_validator","group_pat_validator"
"kategori_aset_50","Mesin Hitung Uang (Standing &amp; Portabel)","account_journal_depreciation","account_008","account_009","account_010","account_journal_improvement","account_journal_impairment","account_011","account_012","account_013","year",4,"month","degressive",0.5,"True",31,"sequence_lot_9","group_pat_validator","group_pat_validator"
"kategori_aset_51","Mesin Fotocopy ","account_journal_depreciation","account_008","account_009","account_010","account_journal_improvement","account_journal_impairment","account_011","account_012","account_013","year",4,"month","degressive",0.5,"True",31,"sequence_lot_9","group_pat_validator","group_pat_validator"
"kategori_aset_52","Duplikator (Mesin Stensil)","account_journal_depreciation","account_008","account_009","account_010","account_journal_improvement","account_journal_impairment","account_011","account_012","account_013","year",4,"month","degressive",0.5,"True",31,"sequence_lot_9","group_pat_validator","group_pat_validator"
"kategori_aset_53","Mesin Akunting/ Kalkulator","account_journal_depreciation","account_008","account_009","account_010","account_journal_improvement","account_journal_impairment","account_011","account_012","account_013","year",4,"month","degressive",0.5,"True",31,"sequence_lot_9","group_pat_validator","group_pat_validator"
"kategori_aset_54","Mesin Absensi/ Mesin Presensi","account_journal_depreciation","account_008","account_009","account_010","account_journal_improvement","account_journal_impairment","account_011","account_012","account_013","year",4,"month","degressive",0.5,"True",31,"sequence_lot_9","group_pat_validator","group_pat_validator"
"kategori_aset_55","Mesing Penghancur Kertas","account_journal_depreciation","account_008","account_009","account_010","account_journal_improvement","account_journal_impairment","account_011","account_012","account_013","year",4,"month","degressive",0.5,"True",31,"sequence_lot_9","group_pat_validator","group_pat_validator"
"kategori_aset_56","Mesin Anrian","account_journal_depreciation","account_008","account_009","account_010","account_journal_improvement","account_journal_impairment","account_011","account_012","account_013","year",4,"month","degressive",0.5,"True",31,"sequence_lot_9","group_pat_validator","group_pat_validator"
"kategori_aset_57","Mesin Validasi","account_journal_depreciation","account_008","account_009","account_010","account_journal_improvement","account_journal_impairment","account_011","account_012","account_013","year",4,"month","degressive",0.5,"True",31,"sequence_lot_9","group_pat_validator","group_pat_validator"
"kategori_aset_58","Mesin Thermographic Printing","account_journal_depreciation","account_008","account_009","account_010","account_journal_improvement","account_journal_impairment","account_011","account_012","account_013","year",4,"month","degressive",0.5,"True",31,"sequence_lot_9","group_pat_validator","group_pat_validator"
"kategori_aset_59","Mesin Stamp (automatic numbering)","account_journal_depreciation","account_008","account_009","account_010","account_journal_improvement","account_journal_impairment","account_011","account_012","account_013","year",4,"month","degressive",0.5,"True",31,"sequence_lot_9","group_pat_validator","group_pat_validator"
"kategori_aset_60","Mesin Pemotong Kertas","account_journal_depreciation","account_008","account_009","account_010","account_journal_improvement","account_journal_impairment","account_011","account_012","account_013","year",4,"month","degressive",0.5,"True",31,"sequence_lot_9","group_pat_validator","group_pat_validator"
"kategori_aset_61","Mesin ATM","account_journal_depreciation","account_008","account_009","account_010","account_journal_improvement","account_journal_impairment","account_011","account_012","account_013","year",4,"month","degressive",0.5,"True",31,"sequence_lot_9","group_pat_validator","group_pat_validator"
"kategori_aset_62","ATM Switching (Software ATM &amp;  EDC)","account_journal_depreciation","account_008","account_009","account_010","account_journal_improvement","account_journal_impairment","account_011","account_012","account_013","year",4,"month","degressive",0.5,"True",31,"sequence_lot_9","group_pat_validator","group_pat_validator"
"kategori_aset_63","Printer","account_journal_depreciation","account_008","account_009","account_010","account_journal_improvement","account_journal_impairment","account_011","account_012","account_013","year",4,"month","degressive",0.5,"True",31,"sequence_lot_9","group_pat_validator","group_pat_validator"
"kategori_aset_64","Scanner","account_journal_depreciation","account_008","account_009","account_010","account_journal_improvement","account_journal_impairment","account_011","account_012","account_013","year",4,"month","degressive",0.5,"True",31,"sequence_lot_9","group_pat_validator","group_pat_validator"
"kategori_aset_65","Perlengkapan Gadai","account_journal_depreciation","account_008","account_009","account_010","account_journal_improvement","account_journal_impairment","account_011","account_012","account_013","year",4,"month","degressive",0.5,"True",31,"sequence_lot_9","group_pat_validator","group_pat_validator"
"kategori_aset_66","Papan Whiteboard (termasuk : akrilik, fiber, kaca).","account_journal_depreciation","account_008","account_009","account_010","account_journal_improvement","account_journal_impairment","account_011","account_012","account_013","year",4,"month","degressive",0.5,"True",31,"sequence_lot_9","group_pat_validator","group_pat_validator"
"kategori_aset_68","Pesawat Telepon","account_journal_depreciation","account_008","account_009","account_010","account_journal_improvement","account_journal_impairment","account_011","account_012","account_013","year",4,"month","degressive",0.5,"True",31,"sequence_lot_10","group_pat_validator","group_pat_validator"
"kategori_aset_69","Telepon Seluler","account_journal_depreciation","account_008","account_009","account_010","account_journal_improvement","account_journal_impairment","account_011","account_012","account_013","year",4,"month","degressive",0.5,"True",31,"sequence_lot_10","group_pat_validator","group_pat_validator"
"kategori_aset_70","Alat Perekam Komunikasi Telepon","account_journal_depreciation","account_008","account_009","account_010","account_journal_improvement","account_journal_impairment","account_011","account_012","account_013","year",4,"month","degressive",0.5,"True",31,"sequence_lot_10","group_pat_validator","group_pat_validator"
"kategori_aset_71","PABX/ Perangkat penyambung komunikasi","account_journal_depreciation","account_008","account_009","account_010","account_journal_improvement","account_journal_impairment","account_011","account_012","account_013","year",4,"month","degressive",0.5,"True",31,"sequence_lot_10","group_pat_validator","group_pat_validator"
"kategori_aset_72","Faksimile","account_journal_depreciation","account_008","account_009","account_010","account_journal_improvement","account_journal_impairment","account_011","account_012","account_013","year",4,"month","degressive",0.5,"True",31,"sequence_lot_10","group_pat_validator","group_pat_validator"
"kategori_aset_73","Handy Talky/ Two Way Radio","account_journal_depreciation","account_008","account_009","account_010","account_journal_improvement","account_journal_impairment","account_011","account_012","account_013","year",4,"month","degressive",0.5,"True",31,"sequence_lot_10","group_pat_validator","group_pat_validator"
"kategori_aset_74","Handphone/ Smartphone","account_journal_depreciation","account_008","account_009","account_010","account_journal_improvement","account_journal_impairment","account_011","account_012","account_013","year",4,"month","degressive",0.5,"True",31,"sequence_lot_10","group_pat_validator","group_pat_validator"
"kategori_aset_75","Tablet","account_journal_depreciation","account_008","account_009","account_010","account_journal_improvement","account_journal_impairment","account_011","account_012","account_013","year",4,"month","degressive",0.5,"True",31,"sequence_lot_10","group_pat_validator","group_pat_validator"
"kategori_aset_77","Server","account_journal_depreciation","account_008","account_009","account_010","account_journal_improvement","account_journal_impairment","account_011","account_012","account_013","year",4,"month","degressive",0.5,"True",31,"sequence_lot_11","group_pat_validator","group_pat_validator"
"kategori_aset_78","Storage","account_journal_depreciation","account_008","account_009","account_010","account_journal_improvement","account_journal_impairment","account_011","account_012","account_013","year",4,"month","degressive",0.5,"True",31,"sequence_lot_11","group_pat_validator","group_pat_validator"
"kategori_aset_79","Perangkat Komunikasi/ Jaringan","account_journal_depreciation","account_008","account_009","account_010","account_journal_improvement","account_journal_impairment","account_011","account_012","account_013","year",4,"month","degressive",0.5,"True",31,"sequence_lot_11","group_pat_validator","group_pat_validator"
"kategori_aset_80","Hard Disk","account_journal_depreciation","account_008","account_009","account_010","account_journal_improvement","account_journal_impairment","account_011","account_012","account_013","year",4,"month","degressive",0.5,"True",31,"sequence_lot_11","group_pat_validator","group_pat_validator"
"kategori_aset_81","Memory","account_journal_depreciation","account_008","account_009","account_010","account_journal_improvement","account_journal_impairment","account_011","account_012","account_013","year",4,"month","degressive",0.5,"True",31,"sequence_lot_11","group_pat_validator","group_pat_validator"
"kategori_aset_82","PDU ( Power Distribution Unit )","account_journal_depreciation","account_008","account_009","account_010","account_journal_improvement","account_journal_impairment","account_011","account_012","account_013","year",4,"month","degressive",0.5,"True",31,"sequence_lot_11","group_pat_validator","group_pat_validator"
"kategori_aset_83","Rak Server","account_journal_depreciation","account_008","account_009","account_010","account_journal_improvement","account_journal_impairment","account_011","account_012","account_013","year",4,"month","degressive",0.5,"True",31,"sequence_lot_11","group_pat_validator","group_pat_validator"
"kategori_aset_84","Processor","account_journal_depreciation","account_008","account_009","account_010","account_journal_improvement","account_journal_impairment","account_011","account_012","account_013","year",4,"month","degressive",0.5,"True",31,"sequence_lot_11","group_pat_validator","group_pat_validator"
"kategori_aset_85","PAC ( Precision Air Conditioner )","account_journal_depreciation","account_008","account_009","account_010","account_journal_improvement","account_journal_impairment","account_011","account_012","account_013","year",4,"month","degressive",0.5,"True",31,"sequence_lot_11","group_pat_validator","group_pat_validator"
"kategori_aset_86","UPS ( Termasuk : Baterai Backup )","account_journal_depreciation","account_008","account_009","account_010","account_journal_improvement","account_journal_impairment","account_011","account_012","account_013","year",4,"month","degressive",0.5,"True",31,"sequence_lot_11","group_pat_validator","group_pat_validator"
"kategori_aset_87","Panel Listrik","account_journal_depreciation","account_008","account_009","account_010","account_journal_improvement","account_journal_impairment","account_011","account_012","account_013","year",4,"month","degressive",0.5,"True",31,"sequence_lot_11","group_pat_validator","group_pat_validator"
"kategori_aset_88","Perangkat Pendukung (Kabel, Conector, Fiber Optic, SFP, Alat Ukur LAN, dll)","account_journal_depreciation","account_008","account_009","account_010","account_journal_improvement","account_journal_impairment","account_011","account_012","account_013","year",4,"month","degressive",0.5,"True",31,"sequence_lot_11","group_pat_validator","group_pat_validator"
"kategori_aset_89","Consumer Grade Networking Hardware","account_journal_depreciation","account_008","account_009","account_010","account_journal_improvement","account_journal_impairment","account_011","account_012","account_013","year",4,"month","degressive",0.5,"True",31,"sequence_lot_11","group_pat_validator","group_pat_validator"
"kategori_aset_90","Enterprise Grade Networking Hardware","account_journal_depreciation","account_008","account_009","account_010","account_journal_improvement","account_journal_impairment","account_011","account_012","account_013","year",4,"month","degressive",0.5,"True",31,"sequence_lot_11","group_pat_validator","group_pat_validator"
"kategori_aset_91","Enterprise Grade Networking Hardware Component","account_journal_depreciation","account_008","account_009","account_010","account_journal_improvement","account_journal_impairment","account_011","account_012","account_013","year",4,"month","degressive",0.5,"True",31,"sequence_lot_11","group_pat_validator","group_pat_validator"
"kategori_aset_92","Kabel/Adapter Kabel/Konektor Kabel Jaringan","account_journal_depreciation","account_008","account_009","account_010","account_journal_improvement","account_journal_impairment","account_011","account_012","account_013","year",4,"month","degressive",0.5,"True",31,"sequence_lot_11","group_pat_validator","group_pat_validator"
"kategori_aset_93","Alat Tes/Ukur Jaringan","account_journal_depreciation","account_008","account_009","account_010","account_journal_improvement","account_journal_impairment","account_011","account_012","account_013","year",4,"month","degressive",0.5,"True",31,"sequence_lot_11","group_pat_validator","group_pat_validator"
"kategori_aset_94","Perangkat Jaringan Unit Usaha Syariah","account_journal_depreciation","account_008","account_009","account_010","account_journal_improvement","account_journal_impairment","account_011","account_012","account_013","year",4,"month","degressive",0.5,"True",31,"sequence_lot_11","group_pat_validator","group_pat_validator"
"kategori_aset_95","Tower Server","account_journal_depreciation","account_008","account_009","account_010","account_journal_improvement","account_journal_impairment","account_011","account_012","account_013","year",4,"month","degressive",0.5,"True",31,"sequence_lot_11","group_pat_validator","group_pat_validator"
"kategori_aset_96","NAS","account_journal_depreciation","account_008","account_009","account_010","account_journal_improvement","account_journal_impairment","account_011","account_012","account_013","year",4,"month","degressive",0.5,"True",31,"sequence_lot_11","group_pat_validator","group_pat_validator"
"kategori_aset_97","Data Center (DC)","account_journal_depreciation","account_008","account_009","account_010","account_journal_improvement","account_journal_impairment","account_011","account_012","account_013","year",4,"month","degressive",0.5,"True",31,"sequence_lot_11","group_pat_validator","group_pat_validator"
"kategori_aset_98","Disaster Recovery Center (DRC)","account_journal_depreciation","account_008","account_009","account_010","account_journal_improvement","account_journal_impairment","account_011","account_012","account_013","year",4,"month","degressive",0.5,"True",31,"sequence_lot_11","group_pat_validator","group_pat_validator"
"kategori_aset_100","Desktop Computer","account_journal_depreciation","account_008","account_009","account_010","account_journal_improvement","account_journal_impairment","account_011","account_012","account_013","year",4,"month","degressive",0.5,"True",31,"sequence_lot_12","group_pat_validator","group_pat_validator"
"kategori_aset_101","Laptop","account_journal_depreciation","account_008","account_009","account_010","account_journal_improvement","account_journal_impairment","account_011","account_012","account_013","year",4,"month","degressive",0.5,"True",31,"sequence_lot_12","group_pat_validator","group_pat_validator"
"kategori_aset_102","All-in-one Computer","account_journal_depreciation","account_008","account_009","account_010","account_journal_improvement","account_journal_impairment","account_011","account_012","account_013","year",4,"month","degressive",0.5,"True",31,"sequence_lot_12","group_pat_validator","group_pat_validator"
"kategori_aset_104","Kompor/ Tabung Gas","account_journal_depreciation","account_008","account_009","account_010","account_journal_improvement","account_journal_impairment","account_011","account_012","account_013","year",4,"month","degressive",0.5,"True",31,"sequence_lot_13","group_pat_validator","group_pat_validator"
"kategori_aset_105","Kulkas ","account_journal_depreciation","account_008","account_009","account_010","account_journal_improvement","account_journal_impairment","account_011","account_012","account_013","year",4,"month","degressive",0.5,"True",31,"sequence_lot_13","group_pat_validator","group_pat_validator"
"kategori_aset_106","Dispenser Air","account_journal_depreciation","account_008","account_009","account_010","account_journal_improvement","account_journal_impairment","account_011","account_012","account_013","year",4,"month","degressive",0.5,"True",31,"sequence_lot_13","group_pat_validator","group_pat_validator"
"kategori_aset_107","Mesin Cuci","account_journal_depreciation","account_008","account_009","account_010","account_journal_improvement","account_journal_impairment","account_011","account_012","account_013","year",4,"month","degressive",0.5,"True",31,"sequence_lot_13","group_pat_validator","group_pat_validator"
"kategori_aset_108","Air Coditioner (AC), termasuk Compressornya","account_journal_depreciation","account_008","account_009","account_010","account_journal_improvement","account_journal_impairment","account_011","account_012","account_013","year",4,"month","degressive",0.5,"True",31,"sequence_lot_13","group_pat_validator","group_pat_validator"
"kategori_aset_109","Kipas Angin","account_journal_depreciation","account_008","account_009","account_010","account_journal_improvement","account_journal_impairment","account_011","account_012","account_013","year",4,"month","degressive",0.5,"True",31,"sequence_lot_13","group_pat_validator","group_pat_validator"
"kategori_aset_110","Exhaust (Pembuagan Uap)","account_journal_depreciation","account_008","account_009","account_010","account_journal_improvement","account_journal_impairment","account_011","account_012","account_013","year",4,"month","degressive",0.5,"True",31,"sequence_lot_13","group_pat_validator","group_pat_validator"
"kategori_aset_111","Blower Blade Center","account_journal_depreciation","account_008","account_009","account_010","account_journal_improvement","account_journal_impairment","account_011","account_012","account_013","year",4,"month","degressive",0.5,"True",31,"sequence_lot_13","group_pat_validator","group_pat_validator"
"kategori_aset_112","Mesin pembasmi virus, bakteri dan jamur (Hysafe Air)","account_journal_depreciation","account_008","account_009","account_010","account_journal_improvement","account_journal_impairment","account_011","account_012","account_013","year",4,"month","degressive",0.5,"True",31,"sequence_lot_13","group_pat_validator","group_pat_validator"
"kategori_aset_113","Mesin pengatur kelembaban udara indoor (Air Purifier)","account_journal_depreciation","account_008","account_009","account_010","account_journal_improvement","account_journal_impairment","account_011","account_012","account_013","year",4,"month","degressive",0.5,"True",31,"sequence_lot_13","group_pat_validator","group_pat_validator"
"kategori_aset_114","Brankas","account_journal_depreciation","account_008","account_009","account_010","account_journal_improvement","account_journal_impairment","account_011","account_012","account_013","year",4,"month","degressive",0.5,"True",31,"sequence_lot_13","group_pat_validator","group_pat_validator"
"kategori_aset_115","Filling Kabinet ","account_journal_depreciation","account_008","account_009","account_010","account_journal_improvement","account_journal_impairment","account_011","account_012","account_013","year",4,"month","degressive",0.5,"True",31,"sequence_lot_13","group_pat_validator","group_pat_validator"
"kategori_aset_116","Cash Box","account_journal_depreciation","account_008","account_009","account_010","account_journal_improvement","account_journal_impairment","account_011","account_012","account_013","year",4,"month","degressive",0.5,"True",31,"sequence_lot_13","group_pat_validator","group_pat_validator"
"kategori_aset_117","Alat Pemadam/ Hydrant","account_journal_depreciation","account_008","account_009","account_010","account_journal_improvement","account_journal_impairment","account_011","account_012","account_013","year",4,"month","degressive",0.5,"True",31,"sequence_lot_13","group_pat_validator","group_pat_validator"
"kategori_aset_118","Fire Alarm System","account_journal_depreciation","account_008","account_009","account_010","account_journal_improvement","account_journal_impairment","account_011","account_012","account_013","year",4,"month","degressive",0.5,"True",31,"sequence_lot_13","group_pat_validator","group_pat_validator"
"kategori_aset_119","Mesin Genset (termasuk : Travo Listrik, Travo Las Inverter)","account_journal_depreciation","account_008","account_009","account_010","account_journal_improvement","account_journal_impairment","account_011","account_012","account_013","year",4,"month","degressive",0.5,"True",31,"sequence_lot_13","group_pat_validator","group_pat_validator"
"kategori_aset_120","Neon sign (termasuk : Bacdroop, Letter sign/Huruf timbul &amp; Logo)","account_journal_depreciation","account_008","account_009","account_010","account_journal_improvement","account_journal_impairment","account_011","account_012","account_013","year",4,"month","degressive",0.5,"True",31,"sequence_lot_13","group_pat_validator","group_pat_validator"
"kategori_aset_121","Rambu Lalu Lintas (Petunjuk Arah, Larangan, Peringatan)","account_journal_depreciation","account_008","account_009","account_010","account_journal_improvement","account_journal_impairment","account_011","account_012","account_013","year",4,"month","degressive",0.5,"True",31,"sequence_lot_13","group_pat_validator","group_pat_validator"
"kategori_aset_122","Karpet ( termasuk jenis katun, kulit, polypropylene, sisal, wool)","account_journal_depreciation","account_008","account_009","account_010","account_journal_improvement","account_journal_impairment","account_011","account_012","account_013","year",4,"month","degressive",0.5,"True",31,"sequence_lot_13","group_pat_validator","group_pat_validator"
"kategori_aset_123","Blinds dan Gorden (Roller, Vertical, Horizontal)","account_journal_depreciation","account_008","account_009","account_010","account_journal_improvement","account_journal_impairment","account_011","account_012","account_013","year",4,"month","degressive",0.5,"True",31,"sequence_lot_13","group_pat_validator","group_pat_validator"
"kategori_aset_124","Breket (Standing, dinding)","account_journal_depreciation","account_008","account_009","account_010","account_journal_improvement","account_journal_impairment","account_011","account_012","account_013","year",4,"month","degressive",0.5,"True",31,"sequence_lot_13","group_pat_validator","group_pat_validator"
"kategori_aset_125","Tenda (termasuk tenda kerucut, Lipat)","account_journal_depreciation","account_008","account_009","account_010","account_journal_improvement","account_journal_impairment","account_011","account_012","account_013","year",4,"month","degressive",0.5,"True",31,"sequence_lot_13","group_pat_validator","group_pat_validator"
"kategori_aset_126","Thermostat Digital (alat pengatur suhu agar tetap stabil)","account_journal_depreciation","account_008","account_009","account_010","account_journal_improvement","account_journal_impairment","account_011","account_012","account_013","year",4,"month","degressive",0.5,"True",31,"sequence_lot_13","group_pat_validator","group_pat_validator"
"kategori_aset_127","Penampungan air (Tandon), termasuk tangki fiber, stainless, bawah tanah, Mesin Pompa Pengisian (air)","account_journal_depreciation","account_008","account_009","account_010","account_journal_improvement","account_journal_impairment","account_011","account_012","account_013","year",4,"month","degressive",0.5,"True",31,"sequence_lot_13","group_pat_validator","group_pat_validator"
"kategori_aset_128","Acces Control/ Kunci Elektronik/ Elektronic Door Lock/ Finger Lock","account_journal_depreciation","account_008","account_009","account_010","account_journal_improvement","account_journal_impairment","account_011","account_012","account_013","year",4,"month","degressive",0.5,"True",31,"sequence_lot_13","group_pat_validator","group_pat_validator"
"kategori_aset_130","Monitor/ TV/ LCD/ LED/ Alat Display Lainnya","account_journal_depreciation","account_008","account_009","account_010","account_journal_improvement","account_journal_impairment","account_011","account_012","account_013","year",4,"month","degressive",0.5,"True",31,"sequence_lot_14","group_pat_validator","group_pat_validator"
"kategori_aset_131","Kamera/ Video Recorder (DSLR &amp; Pocket)","account_journal_depreciation","account_008","account_009","account_010","account_journal_improvement","account_journal_impairment","account_011","account_012","account_013","year",4,"month","degressive",0.5,"True",31,"sequence_lot_14","group_pat_validator","group_pat_validator"
"kategori_aset_132","In Focus/ Projector (termasuk layar)","account_journal_depreciation","account_008","account_009","account_010","account_journal_improvement","account_journal_impairment","account_011","account_012","account_013","year",4,"month","degressive",0.5,"True",31,"sequence_lot_14","group_pat_validator","group_pat_validator"
"kategori_aset_133","Audio Sound System (Termasuk : Microphone)","account_journal_depreciation","account_008","account_009","account_010","account_journal_improvement","account_journal_impairment","account_011","account_012","account_013","year",4,"month","degressive",0.5,"True",31,"sequence_lot_14","group_pat_validator","group_pat_validator"
"kategori_aset_134","Remote Conference System","account_journal_depreciation","account_008","account_009","account_010","account_journal_improvement","account_journal_impairment","account_011","account_012","account_013","year",4,"month","degressive",0.5,"True",31,"sequence_lot_14","group_pat_validator","group_pat_validator"
"kategori_aset_135","Alat Perekam Voice Recorder","account_journal_depreciation","account_008","account_009","account_010","account_journal_improvement","account_journal_impairment","account_011","account_012","account_013","year",4,"month","degressive",0.5,"True",31,"sequence_lot_14","group_pat_validator","group_pat_validator"
"kategori_aset_136","CCTV System","account_journal_depreciation","account_008","account_009","account_010","account_journal_improvement","account_journal_impairment","account_011","account_012","account_013","year",4,"month","degressive",0.5,"True",31,"sequence_lot_14","group_pat_validator","group_pat_validator"
"kategori_aset_139","Aplikasi   SCV Pelaporan","account_journal_depreciation","account_016","account_017","account_018","account_journal_improvement","account_journal_impairment","account_011","account_012","account_013","year",4,"month","linear",0,"True",31,"sequence_lot_15","group_pat_validator","group_pat_validator"
"kategori_aset_140","Aplikasi  Obox (OJK BOX)","account_journal_depreciation","account_016","account_017","account_018","account_journal_improvement","account_journal_impairment","account_011","account_012","account_013","year",4,"month","linear",0,"True",31,"sequence_lot_15","group_pat_validator","group_pat_validator"
"kategori_aset_141","Aplikasi Audit Management System (AMS)","account_journal_depreciation","account_016","account_017","account_018","account_journal_improvement","account_journal_impairment","account_011","account_012","account_013","year",4,"month","linear",0,"True",31,"sequence_lot_15","group_pat_validator","group_pat_validator"
"kategori_aset_142","Aplikasi BI-RTGS Gen II (Konv &amp; Syariah)","account_journal_depreciation","account_016","account_017","account_018","account_journal_improvement","account_journal_impairment","account_011","account_012","account_013","year",4,"month","linear",0,"True",31,"sequence_lot_15","group_pat_validator","group_pat_validator"
"kategori_aset_143","Aplikasi Dashboard","account_journal_depreciation","account_016","account_017","account_018","account_journal_improvement","account_journal_impairment","account_011","account_012","account_013","year",4,"month","linear",0,"True",31,"sequence_lot_15","group_pat_validator","group_pat_validator"
"kategori_aset_144","Aplikasi E Ducomen","account_journal_depreciation","account_016","account_017","account_018","account_journal_improvement","account_journal_impairment","account_011","account_012","account_013","year",4,"month","linear",0,"True",31,"sequence_lot_15","group_pat_validator","group_pat_validator"
"kategori_aset_145","Aplikasi Early Warning System","account_journal_depreciation","account_016","account_017","account_018","account_journal_improvement","account_journal_impairment","account_011","account_012","account_013","year",4,"month","linear",0,"True",31,"sequence_lot_15","group_pat_validator","group_pat_validator"
"kategori_aset_146","Aplikasi Interface SKNBI-NG","account_journal_depreciation","account_016","account_017","account_018","account_journal_improvement","account_journal_impairment","account_011","account_012","account_013","year",4,"month","linear",0,"True",31,"sequence_lot_15","group_pat_validator","group_pat_validator"
"kategori_aset_147","Aplikasi Interfase BI RTGS","account_journal_depreciation","account_016","account_017","account_018","account_journal_improvement","account_journal_impairment","account_011","account_012","account_013","year",4,"month","linear",0,"True",31,"sequence_lot_15","group_pat_validator","group_pat_validator"
"kategori_aset_148","Aplikasi Management Asset II","account_journal_depreciation","account_016","account_017","account_018","account_journal_improvement","account_journal_impairment","account_011","account_012","account_013","year",4,"month","linear",0,"True",31,"sequence_lot_15","group_pat_validator","group_pat_validator"
"kategori_aset_149","Aplikasi Modul ","account_journal_depreciation","account_016","account_017","account_018","account_journal_improvement","account_journal_impairment","account_011","account_012","account_013","year",4,"month","linear",0,"True",31,"sequence_lot_15","group_pat_validator","group_pat_validator"
"kategori_aset_150","Aplikasi Modul Rumah sakit","account_journal_depreciation","account_016","account_017","account_018","account_journal_improvement","account_journal_impairment","account_011","account_012","account_013","year",4,"month","linear",0,"True",31,"sequence_lot_15","group_pat_validator","group_pat_validator"
"kategori_aset_151","Aplikasi MPN","account_journal_depreciation","account_016","account_017","account_018","account_journal_improvement","account_journal_impairment","account_011","account_012","account_013","year",4,"month","linear",0,"True",31,"sequence_lot_15","group_pat_validator","group_pat_validator"
"kategori_aset_152","Aplikasi MPN  Gen  II","account_journal_depreciation","account_016","account_017","account_018","account_journal_improvement","account_journal_impairment","account_011","account_012","account_013","year",4,"month","linear",0,"True",31,"sequence_lot_15","group_pat_validator","group_pat_validator"
"kategori_aset_153","Aplikasi PBB On Line","account_journal_depreciation","account_016","account_017","account_018","account_journal_improvement","account_journal_impairment","account_011","account_012","account_013","year",4,"month","linear",0,"True",31,"sequence_lot_15","group_pat_validator","group_pat_validator"
"kategori_aset_154","Aplikasi Pelaporan Antasena","account_journal_depreciation","account_016","account_017","account_018","account_journal_improvement","account_journal_impairment","account_011","account_012","account_013","year",4,"month","linear",0,"True",31,"sequence_lot_15","group_pat_validator","group_pat_validator"
"kategori_aset_155","Aplikasi Sistem  Implementasi M Risiko","account_journal_depreciation","account_016","account_017","account_018","account_journal_improvement","account_journal_impairment","account_011","account_012","account_013","year",4,"month","linear",0,"True",31,"sequence_lot_15","group_pat_validator","group_pat_validator"
"kategori_aset_156","Aplikasi Software Monitoring System","account_journal_depreciation","account_016","account_017","account_018","account_journal_improvement","account_journal_impairment","account_011","account_012","account_013","year",4,"month","linear",0,"True",31,"sequence_lot_15","group_pat_validator","group_pat_validator"
"kategori_aset_157","Aplikasi VBS Konvensional","account_journal_depreciation","account_016","account_017","account_018","account_journal_improvement","account_journal_impairment","account_011","account_012","account_013","year",4,"month","linear",0,"True",31,"sequence_lot_15","group_pat_validator","group_pat_validator"
"kategori_aset_158","Aplikasi VBS Syariah","account_journal_depreciation","account_016","account_017","account_018","account_journal_improvement","account_journal_impairment","account_011","account_012","account_013","year",4,"month","linear",0,"True",31,"sequence_lot_15","group_pat_validator","group_pat_validator"
"kategori_aset_159","Configuration BIG Aplication Firewall Module","account_journal_depreciation","account_016","account_017","account_018","account_journal_improvement","account_journal_impairment","account_011","account_012","account_013","year",4,"month","linear",0,"True",31,"sequence_lot_15","group_pat_validator","group_pat_validator"
"kategori_aset_160","DRC","account_journal_depreciation","account_016","account_017","account_018","account_journal_improvement","account_journal_impairment","account_011","account_012","account_013","year",4,"month","linear",0,"True",31,"sequence_lot_15","group_pat_validator","group_pat_validator"
"kategori_aset_161","DRP System","account_journal_depreciation","account_016","account_017","account_018","account_journal_improvement","account_journal_impairment","account_011","account_012","account_013","year",4,"month","linear",0,"True",31,"sequence_lot_15","group_pat_validator","group_pat_validator"
"kategori_aset_162","Engine Valodator","account_journal_depreciation","account_016","account_017","account_018","account_journal_improvement","account_journal_impairment","account_011","account_012","account_013","year",4,"month","linear",0,"True",31,"sequence_lot_15","group_pat_validator","group_pat_validator"
"kategori_aset_163","Implementasi Actiove Directory","account_journal_depreciation","account_016","account_017","account_018","account_journal_improvement","account_journal_impairment","account_011","account_012","account_013","year",4,"month","linear",0,"True",31,"sequence_lot_15","group_pat_validator","group_pat_validator"
"kategori_aset_164","Implementasi Base Risk audit","account_journal_depreciation","account_016","account_017","account_018","account_journal_improvement","account_journal_impairment","account_011","account_012","account_013","year",4,"month","linear",0,"True",31,"sequence_lot_15","group_pat_validator","group_pat_validator"
"kategori_aset_165","Implementasi Business Contuinty","account_journal_depreciation","account_016","account_017","account_018","account_journal_improvement","account_journal_impairment","account_011","account_012","account_013","year",4,"month","linear",0,"True",31,"sequence_lot_15","group_pat_validator","group_pat_validator"
"kategori_aset_166","Implementasi Interface 1","account_journal_depreciation","account_016","account_017","account_018","account_journal_improvement","account_journal_impairment","account_011","account_012","account_013","year",4,"month","linear",0,"True",31,"sequence_lot_15","group_pat_validator","group_pat_validator"
"kategori_aset_167","Implementasi Interface 2","account_journal_depreciation","account_016","account_017","account_018","account_journal_improvement","account_journal_impairment","account_011","account_012","account_013","year",4,"month","linear",0,"True",31,"sequence_lot_15","group_pat_validator","group_pat_validator"
"kategori_aset_168","Implementasi PSAK 50 dan 55","account_journal_depreciation","account_016","account_017","account_018","account_journal_improvement","account_journal_impairment","account_011","account_012","account_013","year",4,"month","linear",0,"True",31,"sequence_lot_15","group_pat_validator","group_pat_validator"
"kategori_aset_169","Implementasi PSAK 50 dan 55 VBS","account_journal_depreciation","account_016","account_017","account_018","account_journal_improvement","account_journal_impairment","account_011","account_012","account_013","year",4,"month","linear",0,"True",31,"sequence_lot_15","group_pat_validator","group_pat_validator"
"kategori_aset_170","Interface","account_journal_depreciation","account_016","account_017","account_018","account_journal_improvement","account_journal_impairment","account_011","account_012","account_013","year",4,"month","linear",0,"True",31,"sequence_lot_15","group_pat_validator","group_pat_validator"
"kategori_aset_171","Interface Aplikasi VBS - RTGS","account_journal_depreciation","account_016","account_017","account_018","account_journal_improvement","account_journal_impairment","account_011","account_012","account_013","year",4,"month","linear",0,"True",31,"sequence_lot_15","group_pat_validator","group_pat_validator"
"kategori_aset_172","Interface BI RTGS","account_journal_depreciation","account_016","account_017","account_018","account_journal_improvement","account_journal_impairment","account_011","account_012","account_013","year",4,"month","linear",0,"True",31,"sequence_lot_15","group_pat_validator","group_pat_validator"
"kategori_aset_173","Internace BI-RTGS Generasi II","account_journal_depreciation","account_016","account_017","account_018","account_journal_improvement","account_journal_impairment","account_011","account_012","account_013","year",4,"month","linear",0,"True",31,"sequence_lot_15","group_pat_validator","group_pat_validator"
"kategori_aset_174","Norman Anti Virus 300 User","account_journal_depreciation","account_016","account_017","account_018","account_journal_improvement","account_journal_impairment","account_011","account_012","account_013","year",4,"month","linear",0,"True",31,"sequence_lot_15","group_pat_validator","group_pat_validator"
"kategori_aset_175","PKM Perkreditan","account_journal_depreciation","account_016","account_017","account_018","account_journal_improvement","account_journal_impairment","account_011","account_012","account_013","year",4,"month","linear",0,"True",31,"sequence_lot_15","group_pat_validator","group_pat_validator"
"kategori_aset_176","Manajemen Security","account_journal_depreciation","account_016","account_017","account_018","account_journal_improvement","account_journal_impairment","account_011","account_012","account_013","year",4,"month","linear",0,"True",31,"sequence_lot_15","group_pat_validator","group_pat_validator"
"kategori_aset_177","Serves Retensi Orekal","account_journal_depreciation","account_016","account_017","account_018","account_journal_improvement","account_journal_impairment","account_011","account_012","account_013","year",4,"month","linear",0,"True",31,"sequence_lot_15","group_pat_validator","group_pat_validator"
"kategori_aset_178","SID 2016","account_journal_depreciation","account_016","account_017","account_018","account_journal_improvement","account_journal_impairment","account_011","account_012","account_013","year",4,"month","linear",0,"True",31,"sequence_lot_15","group_pat_validator","group_pat_validator"
"kategori_aset_179","Sisdur SDM","account_journal_depreciation","account_016","account_017","account_018","account_journal_improvement","account_journal_impairment","account_011","account_012","account_013","year",4,"month","linear",0,"True",31,"sequence_lot_15","group_pat_validator","group_pat_validator"
"kategori_aset_180","Sistim Aplikasi Treasury (OSTS)","account_journal_depreciation","account_016","account_017","account_018","account_journal_improvement","account_journal_impairment","account_011","account_012","account_013","year",4,"month","linear",0,"True",31,"sequence_lot_15","group_pat_validator","group_pat_validator"
"kategori_aset_181","Server","account_journal_depreciation","account_016","account_017","account_018","account_journal_improvement","account_journal_impairment","account_011","account_012","account_013","year",4,"month","linear",0,"True",31,"sequence_lot_15","group_pat_validator","group_pat_validator"
"kategori_aset_183","Licensi Citrix","account_journal_depreciation","account_019","account_020","account_021","account_journal_improvement","account_journal_impairment","account_011","account_012","account_013","year",4,"month","linear",0,"True",31,"sequence_lot_16","group_pat_validator","group_pat_validator"
"kategori_aset_184","Licensi Citrix New","account_journal_depreciation","account_019","account_020","account_021","account_journal_improvement","account_journal_impairment","account_011","account_012","account_013","year",4,"month","linear",0,"True",31,"sequence_lot_16","group_pat_validator","group_pat_validator"
"kategori_aset_185","Licensi Microsoft","account_journal_depreciation","account_019","account_020","account_021","account_journal_improvement","account_journal_impairment","account_011","account_012","account_013","year",4,"month","linear",0,"True",31,"sequence_lot_16","group_pat_validator","group_pat_validator"
"kategori_aset_186","Licensi Oracle","account_journal_depreciation","account_019","account_020","account_021","account_journal_improvement","account_journal_impairment","account_011","account_012","account_013","year",4,"month","linear",0,"True",31,"sequence_lot_16","group_pat_validator","group_pat_validator"
"kategori_aset_187","Lisensi Anti Virus","account_journal_depreciation","account_019","account_020","account_021","account_journal_improvement","account_journal_impairment","account_011","account_012","account_013","year",4,"month","linear",0,"True",31,"sequence_lot_16","group_pat_validator","group_pat_validator"
"kategori_aset_188","Lisensi Anti Virus Norman Renewal","account_journal_depreciation","account_019","account_020","account_021","account_journal_improvement","account_journal_impairment","account_011","account_012","account_013","year",4,"month","linear",0,"True",31,"sequence_lot_16","group_pat_validator","group_pat_validator"
"kategori_aset_189","Lisensi Database","account_journal_depreciation","account_019","account_020","account_021","account_journal_improvement","account_journal_impairment","account_011","account_012","account_013","year",4,"month","linear",0,"True",31,"sequence_lot_16","group_pat_validator","group_pat_validator"
"kategori_aset_190","Lisensi Database Oracle","account_journal_depreciation","account_019","account_020","account_021","account_journal_improvement","account_journal_impairment","account_011","account_012","account_013","year",4,"month","linear",0,"True",31,"sequence_lot_16","group_pat_validator","group_pat_validator"
"kategori_aset_191","lisensi database oracle","account_journal_depreciation","account_019","account_020","account_021","account_journal_improvement","account_journal_impairment","account_011","account_012","account_013","year",4,"month","linear",0,"True",31,"sequence_lot_16","group_pat_validator","group_pat_validator"
"kategori_aset_192","Lisensi Graph  250 User","account_journal_depreciation","account_019","account_020","account_021","account_journal_improvement","account_journal_impairment","account_011","account_012","account_013","year",4,"month","linear",0,"True",31,"sequence_lot_16","group_pat_validator","group_pat_validator"
"kategori_aset_193","Lisensi Microsoft","account_journal_depreciation","account_019","account_020","account_021","account_journal_improvement","account_journal_impairment","account_011","account_012","account_013","year",4,"month","linear",0,"True",31,"sequence_lot_16","group_pat_validator","group_pat_validator"
"kategori_aset_194","Lisensi Microsoft","account_journal_depreciation","account_019","account_020","account_021","account_journal_improvement","account_journal_impairment","account_011","account_012","account_013","year",4,"month","linear",0,"True",31,"sequence_lot_16","group_pat_validator","group_pat_validator"
"kategori_aset_195","Lisensi New Versi 5.0","account_journal_depreciation","account_019","account_020","account_021","account_journal_improvement","account_journal_impairment","account_011","account_012","account_013","year",4,"month","linear",0,"True",31,"sequence_lot_16","group_pat_validator","group_pat_validator"
"kategori_aset_196","Lisensi O/S","account_journal_depreciation","account_019","account_020","account_021","account_journal_improvement","account_journal_impairment","account_011","account_012","account_013","year",4,"month","linear",0,"True",31,"sequence_lot_16","group_pat_validator","group_pat_validator"
"kategori_aset_197","Lisensi Oracle","account_journal_depreciation","account_019","account_020","account_021","account_journal_improvement","account_journal_impairment","account_011","account_012","account_013","year",4,"month","linear",0,"True",31,"sequence_lot_16","group_pat_validator","group_pat_validator"
"kategori_aset_198","Lisensi Pat","account_journal_depreciation","account_019","account_020","account_021","account_journal_improvement","account_journal_impairment","account_011","account_012","account_013","year",4,"month","linear",0,"True",31,"sequence_lot_16","group_pat_validator","group_pat_validator"
"kategori_aset_199","Lisensi Software GR L","account_journal_depreciation","account_019","account_020","account_021","account_journal_improvement","account_journal_impairment","account_011","account_012","account_013","year",4,"month","linear",0,"True",31,"sequence_lot_16","group_pat_validator","group_pat_validator"
"kategori_aset_200","Lisensi SQL SVR","account_journal_depreciation","account_019","account_020","account_021","account_journal_improvement","account_journal_impairment","account_011","account_012","account_013","year",4,"month","linear",0,"True",31,"sequence_lot_16","group_pat_validator","group_pat_validator"
"kategori_aset_201","Lisensi Windows SVR ","account_journal_depreciation","account_019","account_020","account_021","account_journal_improvement","account_journal_impairment","account_011","account_012","account_013","year",4,"month","linear",0,"True",31,"sequence_lot_16","group_pat_validator","group_pat_validator"
"kategori_aset_202","Microsoft SQL Server","account_journal_depreciation","account_019","account_020","account_021","account_journal_improvement","account_journal_impairment","account_011","account_012","account_013","year",4,"month","linear",0,"True",31,"sequence_lot_16","group_pat_validator","group_pat_validator"
"kategori_aset_203","New Lisensi Graphon","account_journal_depreciation","account_019","account_020","account_021","account_journal_improvement","account_journal_impairment","account_011","account_012","account_013","year",4,"month","linear",0,"True",31,"sequence_lot_16","group_pat_validator","group_pat_validator"
"kategori_aset_204","Server","account_journal_depreciation","account_019","account_020","account_021","account_journal_improvement","account_journal_impairment","account_011","account_012","account_013","year",4,"month","linear",0,"True",31,"sequence_lot_16","group_pat_validator","group_pat_validator"
"kategori_aset_205","SQL 2016","account_journal_depreciation","account_019","account_020","account_021","account_journal_improvement","account_journal_impairment","account_011","account_012","account_013","year",4,"month","linear",0,"True",31,"sequence_lot_16","group_pat_validator","group_pat_validator"
"kategori_aset_206","Software","account_journal_depreciation","account_019","account_020","account_021","account_journal_improvement","account_journal_impairment","account_011","account_012","account_013","year",4,"month","linear",0,"True",31,"sequence_lot_16","group_pat_validator","group_pat_validator"
"kategori_aset_207","Software ATM","account_journal_depreciation","account_019","account_020","account_021","account_journal_improvement","account_journal_impairment","account_011","account_012","account_013","year",4,"month","linear",0,"True",31,"sequence_lot_16","group_pat_validator","group_pat_validator"
"kategori_aset_208","Software Citrix","account_journal_depreciation","account_019","account_020","account_021","account_journal_improvement","account_journal_impairment","account_011","account_012","account_013","year",4,"month","linear",0,"True",31,"sequence_lot_16","group_pat_validator","group_pat_validator"
"kategori_aset_209","Software Oracle","account_journal_depreciation","account_019","account_020","account_021","account_journal_improvement","account_journal_impairment","account_011","account_012","account_013","year",4,"month","linear",0,"True",31,"sequence_lot_16","group_pat_validator","group_pat_validator"
"kategori_aset_210","Software VBS","account_journal_depreciation","account_019","account_020","account_021","account_journal_improvement","account_journal_impairment","account_011","account_012","account_013","year",4,"month","linear",0,"True",31,"sequence_lot_16","group_pat_validator","group_pat_validator"
"kategori_aset_211","Software VBS Konvensional","account_journal_depreciation","account_019","account_020","account_021","account_journal_improvement","account_journal_impairment","account_011","account_012","account_013","year",4,"month","linear",0,"True",31,"sequence_lot_16","group_pat_validator","group_pat_validator"
"kategori_aset_212","Software VBS Syariah","account_journal_depreciation","account_019","account_020","account_021","account_journal_improvement","account_journal_impairment","account_011","account_012","account_013","year",4,"month","linear",0,"True",31,"sequence_lot_16","group_pat_validator","group_pat_validator"
"kategori_aset_213","Windows Serever","account_journal_depreciation","account_019","account_020","account_021","account_journal_improvement","account_journal_impairment","account_011","account_012","account_013","year",4,"month","linear",0,"True",31,"sequence_lot_16","group_pat_validator","group_pat_validator"
"kategori_aset_214","Windows Server","account_journal_depreciation","account_019","account_020","account_021","account_journal_improvement","account_journal_impairment","account_011","account_012","account_013","year",4,"month","linear",0,"True",31,"sequence_lot_16","group_pat_validator","group_pat_validator"
"kategori_aset_215","Windows Server","account_journal_depreciation","account_019","account_020","account_021","account_journal_improvement","account_journal_impairment","account_011","account_012","account_013","year",4,"month","linear",0,"True",31,"sequence_lot_16","group_pat_validator","group_pat_validator"
"kategori_aset_216","Windows Server","account_journal_depreciation","account_019","account_020","account_021","account_journal_improvement","account_journal_impairment","account_011","account_012","account_013","year",4,"month","linear",0,"True",31,"sequence_lot_16","group_pat_validator","group_pat_validator"
